{
	"parent": "blx.mcmd:start_musical_adventure",
	"criteria": {
		"impossible": {
			"trigger": "minecraft:impossible"
		}
	},
	"display": {
		"icon": {
			"item": "minecraft:jukebox"
		},
		"title": "§a¡Me encanta mezclar! probemos algo...",
		"description": "§7!Intentemos ser un DJ, reproduzcamos música, adentremonos en la mezcla!\n\n§e§o*Abre el reproductor que esta en el Toca discos avanzado",
		"announce_to_chat": false,
		"frame": "task",
		"hidden": false,
		"show_toast": true
	}
}
