{
	"parent": "blx.mcmd:advanced_jukebox/player/what_the_thunders",
	"criteria": {
		"impossible": {
			"trigger": "minecraft:impossible"
		}
	},
	"display": {
		"icon": {
			"item": "minecraft:jukebox",
			"nbt": "{Enchantments: [{}]}"
		},
		"title": "§dTodo un DJ por completo",
		"description": "§7Vaya... no sere el mejor DJ del mundo, ya reproduci tantos discos que perdi la cuenta\n\n§e§o*Reproduce mas de 200 discos",
		"announce_to_chat": true,
		"frame": "challenge",
		"hidden": false,
		"show_toast": true
	}
}
