{
	"parent": "blx.mcmd:advanced_jukebox/player/enough",
	"criteria": {
		"impossible": {
			"trigger": "minecraft:impossible"
		}
	},
	"display": {
		"icon": {
			"item": "minecraft:music_disc_5"
		},
		"title": "§c¿¡Que rayos es esto!?",
		"description": "§7Quien quiera que haya creado este disco parece ser un payaso, ¿¡A quien se le ocurre hacer un disco que no tenga sonido, siquiera se consirea música!?\n\n§e§o*Reproduce un disco vacio",
		"announce_to_chat": true,
		"frame": "goal",
		"hidden": true,
		"show_toast": true
	}
}
