{
	"parent": "blx.mcmd:advanced_jukebox/reader/empty_disc",
	"criteria": {
		"impossible": {
			"trigger": "minecraft:impossible"
		}
	},
	"display": {
		"icon": {
			"item": "minecraft:music_disc_cat"
		},
		"title": "§b¿!Eh...!? ¿ya llegue al límite?",
		"description": "§7Parece que no puedo extender el disco...\n\n§e§o*Crea un disco que llegue a los límites de notas, de ticks o de duración",
		"announce_to_chat": true,
		"frame": "challenge",
		"hidden": true,
		"show_toast": true
	}
}
