{
	"parent": "blx.mcmd:advanced_jukebox/reader/seven_teen_discs",
	"criteria": {
		"impossible": {
			"trigger": "minecraft:impossible"
		}
	},
	"display": {
		"icon": {
			"item": "minecraft:bookshelf",
			"nbt": "{Enchantments:[{}]}"
		},
		"title": "§9¿Deberia retirarme?",
		"description": "§7Ya tengo suficientes discos para años, ¡no, décadas!, ¡no, incluso siglos!\n\n§e§o*Crea mas de 1000 discos",
		"announce_to_chat": true,
		"frame": "challenge",
		"hidden": false,
		"show_toast": true
	}
}
