{
	"parent": "blx.mcmd:advanced_jukebox/reader",
	"criteria": {
		"impossible": {
			"trigger": "minecraft:impossible"
		}
	},
	"display": {
		"icon": {
			"item": "minecraft:leather_chestplate"
		},
		"title": "§eNo entiendo nada...",
		"description": "§7Porque es tan dificil grabar un disco, que eso de la cu.. cust... cut.. ¡customización!\n\n§e§o*Interactua con las opciones de customización del lector",
		"announce_to_chat": false,
		"frame": "goal",
		"hidden": false,
		"show_toast": true
	}
}
